Workbook

Sheet 📋 Raw Data
A1: # | B1: الشهر | C1: اليوم | D1: الوردية | E1: الفرع | F1: التصنيف | G1: الصنف | H1: الكمية المباعة | I1: سعر الوحدة (ج.م) | J1: إجمالي المبيعات (ج.م) | K1: تكلفة البضاعة (ج.م) | L1: هامش الربح (ج.م) | M1: نسبة الربح % | N1: تقييم الخدمة
A2: 1 | B2: يناير | C2: السبت | D2: صباحي | E2: فرع الزمالك | F2: حلويات | G2: بسبوسة | H2: 34 | I2: 25 | J2: =H2*I2 -> 850 | K2: =J2*0.478 -> 406.3 | L2: =J2-K2 -> 443.7 | M2: =IF(J2=0,0,L2/J2) -> 0.522 | N2: 4.7
A3: 2 | B3: يناير | C3: الأحد | D3: صباحي | E3: فرع مدينة نصر | F3: مشروبات | G3: عصير برتقال | H3: 73 | I3: 25 | J3: =H3*I3 -> 1825 | K3: =J3*0.356 -> 649.7 | L3: =J3-K3 -> 1175.3 | M3: =IF(J3=0,0,L3/J3) -> 0.644 | N3: 4.4
A4: 3 | B4: يناير | C4: الأحد | D4: صباحي | E4: فرع مدينة نصر | F4: مقبلات | G4: حمص | H4: 40 | I4: 30 | J4: =H4*I4 -> 1200 | K4: =J4*0.509 -> 610.8 | L4: =J4-K4 -> 589.2 | M4: =IF(J4=0,0,L4/J4) -> 0.491 | N4: 2.7
A5: 4 | B5: يناير | C5: الأحد | D5: مسائي | E5: فرع الزمالك | F5: وجبات سريعة | G5: رابتا | H5: 22 | I5: 45 | J5: =H5*I5 -> 990 | K5: =J5*0.397 -> 393.03 | L5: =J5-K5 -> 596.97 | M5: =IF(J5=0,0,L5/J5) -> 0.603 | N5: 3.4
A6: 5 | B6: يناير | C6: الخميس | D6: ليلي | E6: فرع الهرم | F6: مقبلات | G6: سلطة فتوش | H6: 51 | I6: 35 | J6: =H6*I6 -> 1785 | K6: =J6*0.373 -> 665.805 | L6: =J6-K6 -> 1119.195 | M6: =IF(J6=0,0,L6/J6) -> 0.627 | N6: 3.3
A7: 6 | B7: يناير | C7: الجمعة | D7: ليلي | E7: فرع الهرم | F7: حلويات | G7: تارت فراولة | H7: 75 | I7: 55 | J7: =H7*I7 -> 4125 | K7: =J7*0.438 -> 1806.75 | L7: =J7-K7 -> 2318.25 | M7: =IF(J7=0,0,L7/J7) -> 0.562 | N7: 5
A8: 7 | B8: يناير | C8: الثلاثاء | D8: صباحي | E8: فرع التجمع | F8: مقبلات | G8: بابا غنوج | H8: 42 | I8: 30 | J8: =H8*I8 -> 1260 | K8: =J8*0.401 -> 505.26 | L8: =J8-K8 -> 754.74 | M8: =IF(J8=0,0,L8/J8) -> 0.599 | N8: 3.8
A9: 8 | B9: يناير | C9: الثلاثاء | D9: ليلي | E9: فرع التجمع | F9: حلويات | G9: كنافة | H9: 55 | I9: 45 | J9: =H9*I9 -> 2475 | K9: =J9*0.397 -> 982.575 | L9: =J9-K9 -> 1492.425 | M9: =IF(J9=0,0,L9/J9) -> 0.603 | N9: 3.7
A10: 9 | B10: يناير | C10: الإثنين | D10: مسائي | E10: فرع مدينة نصر | F10: مشروبات | G10: عصير مانجو | H10: 21 | I10: 30 | J10: =H10*I10 -> 630 | K10: =J10*0.541 -> 340.83 | L10: =J10-K10 -> 289.17 | M10: =IF(J10=0,0,L10/J10) -> 0.459 | N10: 4.1
A11: 10 | B11: يناير | C11: الثلاثاء | D11: صباحي | E11: فرع التجمع | F11: وجبات رئيسية | G11: برجر لحم | H11: 10 | I11: 95 | J11: =H11*I11 -> 950 | K11: =J11*0.49 -> 465.5 | L11: =J11-K11 -> 484.5 | M11: =IF(J11=0,0,L11/J11) -> 0.51 | N11: 3.7
A12: 11 | B12: يناير | C12: السبت | D12: مسائي | E12: فرع التجمع | F12: حلويات | G12: بسبوسة | H12: 57 | I12: 25 | J12: =H12*I12 -> 1425 | K12: =J12*0.511 -> 728.175 | L12: =J12-K12 -> 696.825 | M12: =IF(J12=0,0,L12/J12) -> 0.489 | N12: 4.7
A13: 12 | B13: يناير | C13: السبت | D13: مسائي | E13: فرع مدينة نصر | F13: حلويات | G13: بسبوسة | H13: 35 | I13: 25 | J13: =H13*I13 -> 875 | K13: =J13*0.473 -> 413.875 | L13: =J13-K13 -> 461.125 | M13: =IF(J13=0,0,L13/J13) -> 0.527 | N13: 3
A14: 13 | B14: يناير | C14: الجمعة | D14: ليلي | E14: فرع الهرم | F14: مقبلات | G14: حمص | H14: 50 | I14: 30 | J14: =H14*I14 -> 1500 | K14: =J14*0.386 -> 579 | L14: =J14-K14 -> 921 | M14: =IF(J14=0,0,L14/J14) -> 0.614 | N14: 3.9
A15: 14 | B15: يناير | C15: الثلاثاء | D15: صباحي | E15: فرع مدينة نصر | F15: مشروبات | G15: عصير برتقال | H15: 33 | I15: 25 | J15: =H15*I15 -> 825 | K15: =J15*0.469 -> 386.925 | L15: =J15-K15 -> 438.075 | M15: =IF(J15=0,0,L15/J15) -> 0.531 | N15: 3.6
A16: 15 | B16: يناير | C16: السبت | D16: صباحي | E16: فرع الهرم | F16: وجبات رئيسية | G16: برجر لحم | H16: 48 | I16: 95 | J16: =H16*I16 -> 4560 | K16: =J16*0.375 -> 1710 | L16: =J16-K16 -> 2850 | M16: =IF(J16=0,0,L16/J16) -> 0.625 | N16: 3.8
A17: 16 | B17: يناير | C17: الأربعاء | D17: ليلي | E17: فرع الزمالك | F17: وجبات رئيسية | G17: برجر لحم | H17: 43 | I17: 95 | J17: =H17*I17 -> 4085 | K17: =J17*0.365 -> 1491.025 | L17: =J17-K17 -> 2593.975 | M17: =IF(J17=0,0,L17/J17) -> 0.635 | N17: 4
A18: 17 | B18: يناير | C18: الإثنين | D18: مسائي | E18: فرع التجمع | F18: مقبلات | G18: فتة | H18: 9 | I18: 50 | J18: =H18*I18 -> 450 | K18: =J18*0.449 -> 202.05 | L18: =J18-K18 -> 247.95 | M18: =IF(J18=0,0,L18/J18) -> 0.551 | N18: 3.3
A19: 18 | B19: يناير | C19: السبت | D19: صباحي | E19: فرع الهرم | F19: مقبلات | G19: سلطة فتوش | H19: 33 | I19: 35 | J19: =H19*I19 -> 1155 | K19: =J19*0.356 -> 411.18 | L19: =J19-K19 -> 743.82 | M19: =IF(J19=0,0,L19/J19) -> 0.644 | N19: 3.2
A20: 19 | B20: يناير | C20: الخميس | D20: ليلي | E20: فرع الهرم | F20: مشروبات | G20: كوكاكولا | H20: 38 | I20: 20 | J20: =H20*I20 -> 760 | K20: =J20*0.393 -> 298.68 | L20: =J20-K20 -> 461.32 | M20: =IF(J20=0,0,L20/J20) -> 0.607 | N20: 4.6
A21: 20 | B21: يناير | C21: الأحد | D21: صباحي | E21: فرع التجمع | F21: مقبلات | G21: بابا غنوج | H21: 50 | I21: 30 | J21: =H21*I21 -> 1500 | K21: =J21*0.436 -> 654 | L21: =J21-K21 -> 846 | M21: =IF(J21=0,0,L21/J21) -> 0.564 | N21: 4
A22: 21 | B22: فبراير | C22: الخميس | D22: مسائي | E22: فرع الزمالك | F22: وجبات سريعة | G22: بيتزا صغيرة | H22: 45 | I22: 70 | J22: =H22*I22 -> 3150 | K22: =J22*0.502 -> 1581.3 | L22: =J22-K22 -> 1568.7 | M22: =IF(J22=0,0,L22/J22) -> 0.498 | N22: 2.7
A23: 22 | B23: فبراير | C23: الخميس | D23: مسائي | E23: فرع الهرم | F23: وجبات رئيسية | G23: فراخ محشية | H23: 29 | I23: 130 | J23: =H23*I23 -> 3770 | K23: =J23*0.428 -> 1613.56 | L23: =J23-K23 -> 2156.44 | M23: =IF(J23=0,0,L23/J23) -> 0.572 | N23: 5
A24: 23 | B24: فبراير | C24: الثلاثاء | D24: صباحي | E24: فرع المعادي | F24: حلويات | G24: تارت فراولة | H24: 22 | I24: 55 | J24: =H24*I24 -> 1210 | K24: =J24*0.515 -> 623.15 | L24: =J24-K24 -> 586.85 | M24: =IF(J24=0,0,L24/J24) -> 0.485 | N24: 2.8
A25: 24 | B25: فبراير | C25: الأربعاء | D25: صباحي | E25: فرع مدينة نصر | F25: حلويات | G25: كنافة | H25: 54 | I25: 45 | J25: =H25*I25 -> 2430 | K25: =J25*0.37 -> 899.1 | L25: =J25-K25 -> 1530.9 | M25: =IF(J25=0,0,L25/J25) -> 0.63 | N25: 3.4
A26: 25 | B26: فبراير | C26: الأربعاء | D26: ليلي | E26: فرع التجمع | F26: وجبات سريعة | G26: رابتا | H26: 10 | I26: 45 | J26: =H26*I26 -> 450 | K26: =J26*0.544 -> 244.8 | L26: =J26-K26 -> 205.2 | M26: =IF(J26=0,0,L26/J26) -> 0.456 | N26: 3.2
A27: 26 | B27: فبراير | C27: السبت | D27: صباحي | E27: فرع المعادي | F27: حلويات | G27: بسبوسة | H27: 74 | I27: 25 | J27: =H27*I27 -> 1850 | K27: =J27*0.529 -> 978.65 | L27: =J27-K27 -> 871.35 | M27: =IF(J27=0,0,L27/J27) -> 0.471 | N27: 4.8
A28: 27 | B28: فبراير | C28: الإثنين | D28: مسائي | E28: فرع مدينة نصر | F28: وجبات رئيسية | G28: برجر لحم | H28: 52 | I28: 95 | J28: =H28*I28 -> 4940 | K28: =J28*0.514 -> 2539.16 | L28: =J28-K28 -> 2400.84 | M28: =IF(J28=0,0,L28/J28) -> 0.486 | N28: 3.2
A29: 28 | B29: فبراير | C29: الأحد | D29: مسائي | E29: فرع المعادي | F29: مشروبات | G29: كوكاكولا | H29: 71 | I29: 20 | J29: =H29*I29 -> 1420 | K29: =J29*0.429 -> 609.18 | L29: =J29-K29 -> 810.82 | M29: =IF(J29=0,0,L29/J29) -> 0.571 | N29: 3
A30: 29 | B30: فبراير | C30: الجمعة | D30: صباحي | E30: فرع المعادي | F30: مقبلات | G30: حمص | H30: 19 | I30: 30 | J30: =H30*I30 -> 570 | K30: =J30*0.502 -> 286.14 | L30: =J30-K30 -> 283.86 | M30: =IF(J30=0,0,L30/J30) -> 0.498 | N30: 4.9
A31: 30 | B31: فبراير | C31: الثلاثاء | D31: ليلي | E31: فرع الزمالك | F31: مقبلات | G31: سلطة فتوش | H31: 43 | I31: 35 | J31: =H31*I31 -> 1505 | K31: =J31*0.367 -> 552.335 | L31: =J31-K31 -> 952.665 | M31: =IF(J31=0,0,L31/J31) -> 0.633 | N31: 3.2
A32: 31 | B32: فبراير | C32: الإثنين | D32: ليلي | E32: فرع المعادي | F32: وجبات رئيسية | G32: كباب مشوي | H32: 6 | I32: 110 | J32: =H32*I32 -> 660 | K32: =J32*0.523 -> 345.18 | L32: =J32-K32 -> 314.82 | M32: =IF(J32=0,0,L32/J32) -> 0.477 | N32: 4.3
A33: 32 | B33: فبراير | C33: الأحد | D33: صباحي | E33: فرع الزمالك | F33: وجبات سريعة | G33: سندوتش كلوب | H33: 42 | I33: 55 | J33: =H33*I33 -> 2310 | K33: =J33*0.412 -> 951.72 | L33: =J33-K33 -> 1358.28 | M33: =IF(J33=0,0,L33/J33) -> 0.588 | N33: 2.8
A34: 33 | B34: فبراير | C34: الثلاثاء | D34: صباحي | E34: فرع التجمع | F34: وجبات سريعة | G34: رابتا | H34: 39 | I34: 45 | J34: =H34*I34 -> 1755 | K34: =J34*0.351 -> 616.005 | L34: =J34-K34 -> 1138.995 | M34: =IF(J34=0,0,L34/J34) -> 0.649 | N34: 3.6
A35: 34 | B35: فبراير | C35: الأربعاء | D35: صباحي | E35: فرع المعادي | F35: مقبلات | G35: فتة | H35: 40 | I35: 50 | J35: =H35*I35 -> 2000 | K35: =J35*0.399 -> 798 | L35: =J35-K35 -> 1202 | M35: =IF(J35=0,0,L35/J35) -> 0.601 | N35: 4.8
A36: 35 | B36: فبراير | C36: الخميس | D36: مسائي | E36: فرع الزمالك | F36: وجبات سريعة | G36: سندوتش كلوب | H36: 66 | I36: 55 | J36: =H36*I36 -> 3630 | K36: =J36*0.466 -> 1691.58 | L36: =J36-K36 -> 1938.42 | M36: =IF(J36=0,0,L36/J36) -> 0.534 | N36: 2.9
A37: 36 | B37: فبراير | C37: السبت | D37: مسائي | E37: فرع الهرم | F37: وجبات سريعة | G37: سندوتش كلوب | H37: 53 | I37: 55 | J37: =H37*I37 -> 2915 | K37: =J37*0.356 -> 1037.74 | L37: =J37-K37 -> 1877.26 | M37: =IF(J37=0,0,L37/J37) -> 0.644 | N37: 4.6
A38: 37 | B38: فبراير | C38: الإثنين | D38: صباحي | E38: فرع المعادي | F38: وجبات سريعة | G38: سندوتش كلوب | H38: 21 | I38: 55 | J38: =H38*I38 -> 1155 | K38: =J38*0.411 -> 474.705 | L38: =J38-K38 -> 680.295 | M38: =IF(J38=0,0,L38/J38) -> 0.589 | N38: 4
A39: 38 | B39: فبراير | C39: السبت | D39: ليلي | E39: فرع التجمع | F39: مقبلات | G39: حمص | H39: 32 | I39: 30 | J39: =H39*I39 -> 960 | K39: =J39*0.488 -> 468.48 | L39: =J39-K39 -> 491.52 | M39: =IF(J39=0,0,L39/J39) -> 0.512 | N39: 4.8
A40: 39 | B40: فبراير | C40: الأربعاء | D40: ليلي | E40: فرع المعادي | F40: مقبلات | G40: حمص | H40: 23 | I40: 30 | J40: =H40*I40 -> 690 | K40: =J40*0.361 -> 249.09 | L40: =J40-K40 -> 440.91 | M40: =IF(J40=0,0,L40/J40) -> 0.639 | N40: 2.9
A41: 40 | B41: فبراير | C41: الخميس | D41: صباحي | E41: فرع الهرم | F41: وجبات سريعة | G41: هوت دوج | H41: 33 | I41: 35 | J41: =H41*I41 -> 1155 | K41: =J41*0.399 -> 460.845 | L41: =J41-K41 -> 694.155 | M41: =IF(J41=0,0,L41/J41) -> 0.601 | N41: 4
A42: 41 | B42: مارس | C42: الخميس | D42: مسائي | E42: فرع الهرم | F42: مقبلات | G42: حمص | H42: 78 | I42: 30 | J42: =H42*I42 -> 2340 | K42: =J42*0.472 -> 1104.48 | L42: =J42-K42 -> 1235.52 | M42: =IF(J42=0,0,L42/J42) -> 0.528 | N42: 4.1
A43: 42 | B43: مارس | C43: السبت | D43: صباحي | E43: فرع الهرم | F43: وجبات سريعة | G43: سندوتش كلوب | H43: 70 | I43: 55 | J43: =H43*I43 -> 3850 | K43: =J43*0.533 -> 2052.05 | L43: =J43-K43 -> 1797.95 | M43: =IF(J43=0,0,L43/J43) -> 0.467 | N43: 2.8
A44: 43 | B44: مارس | C44: السبت | D44: صباحي | E44: فرع التجمع | F44: حلويات | G44: بسبوسة | H44: 49 | I44: 25 | J44: =H44*I44 -> 1225 | K44: =J44*0.468 -> 573.3 | L44: =J44-K44 -> 651.7 | M44: =IF(J44=0,0,L44/J44) -> 0.532 | N44: 4.2
A45: 44 | B45: مارس | C45: الجمعة | D45: صباحي | E45: فرع الزمالك | F45: مشروبات | G45: كوكاكولا | H45: 27 | I45: 20 | J45: =H45*I45 -> 540 | K45: =J45*0.478 -> 258.12 | L45: =J45-K45 -> 281.88 | M45: =IF(J45=0,0,L45/J45) -> 0.522 | N45: 2.6
A46: 45 | B46: مارس | C46: الأربعاء | D46: مسائي | E46: فرع الهرم | F46: مقبلات | G46: حمص | H46: 64 | I46: 30 | J46: =H46*I46 -> 1920 | K46: =J46*0.464 -> 890.88 | L46: =J46-K46 -> 1029.12 | M46: =IF(J46=0,0,L46/J46) -> 0.536 | N46: 3.9
A47: 46 | B47: مارس | C47: الأحد | D47: مسائي | E47: فرع الهرم | F47: مقبلات | G47: سلطة فتوش | H47: 13 | I47: 35 | J47: =H47*I47 -> 455 | K47: =J47*0.406 -> 184.73 | L47: =J47-K47 -> 270.27 | M47: =IF(J47=0,0,L47/J47) -> 0.594 | N47: 3.8
A48: 47 | B48: مارس | C48: الخميس | D48: ليلي | E48: فرع التجمع | F48: وجبات رئيسية | G48: كباب مشوي | H48: 46 | I48: 110 | J48: =H48*I48 -> 5060 | K48: =J48*0.446 -> 2256.76 | L48: =J48-K48 -> 2803.24 | M48: =IF(J48=0,0,L48/J48) -> 0.554 | N48: 2.7
A49: 48 | B49: مارس | C49: الخميس | D49: مسائي | E49: فرع التجمع | F49: حلويات | G49: أم علي | H49: 62 | I49: 40 | J49: =H49*I49 -> 2480 | K49: =J49*0.529 -> 1311.92 | L49: =J49-K49 -> 1168.08 | M49: =IF(J49=0,0,L49/J49) -> 0.471 | N49: 3.7
A50: 49 | B50: مارس | C50: الإثنين | D50: صباحي | E50: فرع المعادي | F50: وجبات رئيسية | G50: فراخ محشية | H50: 32 | I50: 130 | J50: =H50*I50 -> 4160 | K50: =J50*0.548 -> 2279.68 | L50: =J50-K50 -> 1880.32 | M50: =IF(J50=0,0,L50/J50) -> 0.452 | N50: 3.8
A51: 50 | B51: مارس | C51: الأربعاء | D51: صباحي | E51: فرع الهرم | F51: مشروبات | G51: قهوة | H51: 76 | I51: 35 | J51: =H51*I51 -> 2660 | K51: =J51*0.545 -> 1449.7 | L51: =J51-K51 -> 1210.3 | M51: =IF(J51=0,0,L51/J51) -> 0.455 | N51: 3
A52: 51 | B52: مارس | C52: الجمعة | D52: مسائي | E52: فرع المعادي | F52: وجبات رئيسية | G52: كباب مشوي | H52: 13 | I52: 110 | J52: =H52*I52 -> 1430 | K52: =J52*0.413 -> 590.59 | L52: =J52-K52 -> 839.41 | M52: =IF(J52=0,0,L52/J52) -> 0.587 | N52: 4.1
A53: 52 | B53: مارس | C53: الإثنين | D53: صباحي | E53: فرع المعادي | F53: مشروبات | G53: كوكاكولا | H53: 11 | I53: 20 | J53: =H53*I53 -> 220 | K53: =J53*0.547 -> 120.34 | L53: =J53-K53 -> 99.66 | M53: =IF(J53=0,0,L53/J53) -> 0.453 | N53: 3.6
A54: 53 | B54: مارس | C54: الأحد | D54: ليلي | E54: فرع مدينة نصر | F54: وجبات سريعة | G54: بيتزا صغيرة | H54: 67 | I54: 70 | J54: =H54*I54 -> 4690 | K54: =J54*0.361 -> 1693.09 | L54: =J54-K54 -> 2996.91 | M54: =IF(J54=0,0,L54/J54) -> 0.639 | N54: 2.9
A55: 54 | B55: مارس | C55: السبت | D55: مسائي | E55: فرع الهرم | F55: وجبات رئيسية | G55: كباب مشوي | H55: 16 | I55: 110 | J55: =H55*I55 -> 1760 | K55: =J55*0.409 -> 719.84 | L55: =J55-K55 -> 1040.16 | M55: =IF(J55=0,0,L55/J55) -> 0.591 | N55: 3.3
A56: 55 | B56: مارس | C56: الأربعاء | D56: ليلي | E56: فرع الزمالك | F56: حلويات | G56: تارت فراولة | H56: 41 | I56: 55 | J56: =H56*I56 -> 2255 | K56: =J56*0.369 -> 832.095 | L56: =J56-K56 -> 1422.905 | M56: =IF(J56=0,0,L56/J56) -> 0.631 | N56: 4.3
A57: 56 | B57: مارس | C57: الأحد | D57: مسائي | E57: فرع المعادي | F57: مشروبات | G57: عصير برتقال | H57: 20 | I57: 25 | J57: =H57*I57 -> 500 | K57: =J57*0.549 -> 274.5 | L57: =J57-K57 -> 225.5 | M57: =IF(J57=0,0,L57/J57) -> 0.451 | N57: 2.9
A58: 57 | B58: مارس | C58: الخميس | D58: مسائي | E58: فرع الهرم | F58: حلويات | G58: أم علي | H58: 18 | I58: 40 | J58: =H58*I58 -> 720 | K58: =J58*0.359 -> 258.48 | L58: =J58-K58 -> 461.52 | M58: =IF(J58=0,0,L58/J58) -> 0.641 | N58: 4
A59: 58 | B59: مارس | C59: السبت | D59: مسائي | E59: فرع الهرم | F59: مقبلات | G59: سلطة فتوش | H59: 22 | I59: 35 | J59: =H59*I59 -> 770 | K59: =J59*0.416 -> 320.32 | L59: =J59-K59 -> 449.68 | M59: =IF(J59=0,0,L59/J59) -> 0.584 | N59: 3.1
A60: 59 | B60: مارس | C60: الإثنين | D60: ليلي | E60: فرع الزمالك | F60: وجبات رئيسية | G60: شيش طاووق | H60: 67 | I60: 85 | J60: =H60*I60 -> 5695 | K60: =J60*0.51 -> 2904.45 | L60: =J60-K60 -> 2790.55 | M60: =IF(J60=0,0,L60/J60) -> 0.49 | N60: 2.8
A61: 60 | B61: مارس | C61: الثلاثاء | D61: ليلي | E61: فرع الزمالك | F61: وجبات سريعة | G61: بيتزا صغيرة | H61: 58 | I61: 70 | J61: =H61*I61 -> 4060 | K61: =J61*0.454 -> 1843.24 | L61: =J61-K61 -> 2216.76 | M61: =IF(J61=0,0,L61/J61) -> 0.546 | N61: 2.5
A62: 61 | B62: أبريل | C62: الخميس | D62: صباحي | E62: فرع مدينة نصر | F62: حلويات | G62: بسبوسة | H62: 59 | I62: 25 | J62: =H62*I62 -> 1475 | K62: =J62*0.416 -> 613.6 | L62: =J62-K62 -> 861.4 | M62: =IF(J62=0,0,L62/J62) -> 0.584 | N62: 3.4
A63: 62 | B63: أبريل | C63: السبت | D63: صباحي | E63: فرع الزمالك | F63: مشروبات | G63: عصير برتقال | H63: 23 | I63: 25 | J63: =H63*I63 -> 575 | K63: =J63*0.476 -> 273.7 | L63: =J63-K63 -> 301.3 | M63: =IF(J63=0,0,L63/J63) -> 0.524 | N63: 3.9
A64: 63 | B64: أبريل | C64: الخميس | D64: مسائي | E64: فرع المعادي | F64: مقبلات | G64: سلطة فتوش | H64: 20 | I64: 35 | J64: =H64*I64 -> 700 | K64: =J64*0.513 -> 359.1 | L64: =J64-K64 -> 340.9 | M64: =IF(J64=0,0,L64/J64) -> 0.487 | N64: 3.9
A65: 64 | B65: أبريل | C65: الأحد | D65: مسائي | E65: فرع الهرم | F65: وجبات سريعة | G65: بيتزا صغيرة | H65: 55 | I65: 70 | J65: =H65*I65 -> 3850 | K65: =J65*0.436 -> 1678.6 | L65: =J65-K65 -> 2171.4 | M65: =IF(J65=0,0,L65/J65) -> 0.564 | N65: 3.4
A66: 65 | B66: أبريل | C66: الثلاثاء | D66: ليلي | E66: فرع الزمالك | F66: وجبات رئيسية | G66: كباب مشوي | H66: 56 | I66: 110 | J66: =H66*I66 -> 6160 | K66: =J66*0.36 -> 2217.6 | L66: =J66-K66 -> 3942.4 | M66: =IF(J66=0,0,L66/J66) -> 0.64 | N66: 4.4
A67: 66 | B67: أبريل | C67: الأحد | D67: ليلي | E67: فرع التجمع | F67: وجبات سريعة | G67: بيتزا صغيرة | H67: 73 | I67: 70 | J67: =H67*I67 -> 5110 | K67: =J67*0.499 -> 2549.89 | L67: =J67-K67 -> 2560.11 | M67: =IF(J67=0,0,L67/J67) -> 0.501 | N67: 4.3
A68: 67 | B68: أبريل | C68: الثلاثاء | D68: مسائي | E68: فرع الهرم | F68: وجبات رئيسية | G68: كباب مشوي | H68: 8 | I68: 110 | J68: =H68*I68 -> 880 | K68: =J68*0.405 -> 356.4 | L68: =J68-K68 -> 523.6 | M68: =IF(J68=0,0,L68/J68) -> 0.595 | N68: 2.6
A69: 68 | B69: أبريل | C69: السبت | D69: مسائي | E69: فرع التجمع | F69: وجبات رئيسية | G69: فراخ محشية | H69: 29 | I69: 130 | J69: =H69*I69 -> 3770 | K69: =J69*0.473 -> 1783.21 | L69: =J69-K69 -> 1986.79 | M69: =IF(J69=0,0,L69/J69) -> 0.527 | N69: 3.5
A70: 69 | B70: أبريل | C70: الخميس | D70: صباحي | E70: فرع التجمع | F70: مشروبات | G70: قهوة | H70: 77 | I70: 35 | J70: =H70*I70 -> 2695 | K70: =J70*0.394 -> 1061.83 | L70: =J70-K70 -> 1633.17 | M70: =IF(J70=0,0,L70/J70) -> 0.606 | N70: 3.5
A71: 70 | B71: أبريل | C71: الإثنين | D71: صباحي | E71: فرع مدينة نصر | F71: مقبلات | G71: سلطة فتوش | H71: 31 | I71: 35 | J71: =H71*I71 -> 1085 | K71: =J71*0.439 -> 476.315 | L71: =J71-K71 -> 608.685 | M71: =IF(J71=0,0,L71/J71) -> 0.561 | N71: 4.2
A72: 71 | B72: أبريل | C72: الثلاثاء | D72: مسائي | E72: فرع الهرم | F72: وجبات سريعة | G72: رابتا | H72: 69 | I72: 45 | J72: =H72*I72 -> 3105 | K72: =J72*0.544 -> 1689.12 | L72: =J72-K72 -> 1415.88 | M72: =IF(J72=0,0,L72/J72) -> 0.456 | N72: 2.7
A73: 72 | B73: أبريل | C73: الجمعة | D73: ليلي | E73: فرع الهرم | F73: وجبات سريعة | G73: بيتزا صغيرة | H73: 73 | I73: 70 | J73: =H73*I73 -> 5110 | K73: =J73*0.362 -> 1849.82 | L73: =J73-K73 -> 3260.18 | M73: =IF(J73=0,0,L73/J73) -> 0.638 | N73: 3.8
A74: 73 | B74: أبريل | C74: الإثنين | D74: مسائي | E74: فرع التجمع | F74: مشروبات | G74: كوكاكولا | H74: 19 | I74: 20 | J74: =H74*I74 -> 380 | K74: =J74*0.462 -> 175.56 | L74: =J74-K74 -> 204.44 | M74: =IF(J74=0,0,L74/J74) -> 0.538 | N74: 4.3
A75: 74 | B75: أبريل | C75: الخميس | D75: صباحي | E75: فرع مدينة نصر | F75: وجبات سريعة | G75: رابتا | H75: 9 | I75: 45 | J75: =H75*I75 -> 405 | K75: =J75*0.496 -> 200.88 | L75: =J75-K75 -> 204.12 | M75: =IF(J75=0,0,L75/J75) -> 0.504 | N75: 3
A76: 75 | B76: أبريل | C76: الثلاثاء | D76: ليلي | E76: فرع التجمع | F76: مقبلات | G76: بابا غنوج | H76: 23 | I76: 30 | J76: =H76*I76 -> 690 | K76: =J76*0.386 -> 266.34 | L76: =J76-K76 -> 423.66 | M76: =IF(J76=0,0,L76/J76) -> 0.614 | N76: 4.9
A77: 76 | B77: أبريل | C77: الثلاثاء | D77: ليلي | E77: فرع المعادي | F77: حلويات | G77: بسبوسة | H77: 65 | I77: 25 | J77: =H77*I77 -> 1625 | K77: =J77*0.35 -> 568.75 | L77: =J77-K77 -> 1056.25 | M77: =IF(J77=0,0,L77/J77) -> 0.65 | N77: 5
A78: 77 | B78: أبريل | C78: الإثنين | D78: ليلي | E78: فرع مدينة نصر | F78: وجبات رئيسية | G78: برجر لحم | H78: 19 | I78: 95 | J78: =H78*I78 -> 1805 | K78: =J78*0.428 -> 772.54 | L78: =J78-K78 -> 1032.46 | M78: =IF(J78=0,0,L78/J78) -> 0.572 | N78: 4
A79: 78 | B79: أبريل | C79: الخميس | D79: ليلي | E79: فرع مدينة نصر | F79: مشروبات | G79: عصير برتقال | H79: 8 | I79: 25 | J79: =H79*I79 -> 200 | K79: =J79*0.55 -> 110 | L79: =J79-K79 -> 90 | M79: =IF(J79=0,0,L79/J79) -> 0.45 | N79: 3
A80: 79 | B80: أبريل | C80: السبت | D80: ليلي | E80: فرع التجمع | F80: حلويات | G80: بسبوسة | H80: 62 | I80: 25 | J80: =H80*I80 -> 1550 | K80: =J80*0.385 -> 596.75 | L80: =J80-K80 -> 953.25 | M80: =IF(J80=0,0,L80/J80) -> 0.615 | N80: 4.1
A81: 80 | B81: أبريل | C81: السبت | D81: مسائي | E81: فرع مدينة نصر | F81: مشروبات | G81: عصير برتقال | H81: 69 | I81: 25 | J81: =H81*I81 -> 1725 | K81: =J81*0.384 -> 662.4 | L81: =J81-K81 -> 1062.6 | M81: =IF(J81=0,0,L81/J81) -> 0.616 | N81: 3.8
A82: 81 | B82: مايو | C82: الأربعاء | D82: مسائي | E82: فرع الهرم | F82: وجبات سريعة | G82: سندوتش كلوب | H82: 44 | I82: 55 | J82: =H82*I82 -> 2420 | K82: =J82*0.351 -> 849.42 | L82: =J82-K82 -> 1570.58 | M82: =IF(J82=0,0,L82/J82) -> 0.649 | N82: 4.4
A83: 82 | B83: مايو | C83: الأربعاء | D83: صباحي | E83: فرع التجمع | F83: وجبات سريعة | G83: سندوتش كلوب | H83: 28 | I83: 55 | J83: =H83*I83 -> 1540 | K83: =J83*0.443 -> 682.22 | L83: =J83-K83 -> 857.78 | M83: =IF(J83=0,0,L83/J83) -> 0.557 | N83: 4.3
A84: 83 | B84: مايو | C84: الأحد | D84: ليلي | E84: فرع مدينة نصر | F84: مقبلات | G84: فتة | H84: 73 | I84: 50 | J84: =H84*I84 -> 3650 | K84: =J84*0.35 -> 1277.5 | L84: =J84-K84 -> 2372.5 | M84: =IF(J84=0,0,L84/J84) -> 0.65 | N84: 4
A85: 84 | B85: مايو | C85: الثلاثاء | D85: مسائي | E85: فرع الهرم | F85: مشروبات | G85: قهوة | H85: 47 | I85: 35 | J85: =H85*I85 -> 1645 | K85: =J85*0.43 -> 707.35 | L85: =J85-K85 -> 937.65 | M85: =IF(J85=0,0,L85/J85) -> 0.57 | N85: 2.5
A86: 85 | B86: مايو | C86: الخميس | D86: صباحي | E86: فرع المعادي | F86: مشروبات | G86: عصير برتقال | H86: 47 | I86: 25 | J86: =H86*I86 -> 1175 | K86: =J86*0.528 -> 620.4 | L86: =J86-K86 -> 554.6 | M86: =IF(J86=0,0,L86/J86) -> 0.472 | N86: 2.7
A87: 86 | B87: مايو | C87: السبت | D87: ليلي | E87: فرع المعادي | F87: حلويات | G87: أم علي | H87: 27 | I87: 40 | J87: =H87*I87 -> 1080 | K87: =J87*0.464 -> 501.12 | L87: =J87-K87 -> 578.88 | M87: =IF(J87=0,0,L87/J87) -> 0.536 | N87: 3.7
A88: 87 | B88: مايو | C88: السبت | D88: صباحي | E88: فرع الهرم | F88: وجبات رئيسية | G88: برجر لحم | H88: 70 | I88: 95 | J88: =H88*I88 -> 6650 | K88: =J88*0.418 -> 2779.7 | L88: =J88-K88 -> 3870.3 | M88: =IF(J88=0,0,L88/J88) -> 0.582 | N88: 4.9
A89: 88 | B89: مايو | C89: الأحد | D89: صباحي | E89: فرع الزمالك | F89: وجبات رئيسية | G89: برجر لحم | H89: 57 | I89: 95 | J89: =H89*I89 -> 5415 | K89: =J89*0.54 -> 2924.1 | L89: =J89-K89 -> 2490.9 | M89: =IF(J89=0,0,L89/J89) -> 0.46 | N89: 4
A90: 89 | B90: مايو | C90: الخميس | D90: ليلي | E90: فرع مدينة نصر | F90: وجبات رئيسية | G90: كباب مشوي | H90: 14 | I90: 110 | J90: =H90*I90 -> 1540 | K90: =J90*0.449 -> 691.46 | L90: =J90-K90 -> 848.54 | M90: =IF(J90=0,0,L90/J90) -> 0.551 | N90: 3.2
A91: 90 | B91: مايو | C91: الإثنين | D91: ليلي | E91: فرع التجمع | F91: مشروبات | G91: قهوة | H91: 29 | I91: 35 | J91: =H91*I91 -> 1015 | K91: =J91*0.41 -> 416.15 | L91: =J91-K91 -> 598.85 | M91: =IF(J91=0,0,L91/J91) -> 0.59 | N91: 3.8
A92: 91 | B92: مايو | C92: الخميس | D92: صباحي | E92: فرع المعادي | F92: حلويات | G92: تارت فراولة | H92: 30 | I92: 55 | J92: =H92*I92 -> 1650 | K92: =J92*0.435 -> 717.75 | L92: =J92-K92 -> 932.25 | M92: =IF(J92=0,0,L92/J92) -> 0.565 | N92: 4.2
A93: 92 | B93: مايو | C93: السبت | D93: صباحي | E93: فرع المعادي | F93: وجبات سريعة | G93: هوت دوج | H93: 31 | I93: 35 | J93: =H93*I93 -> 1085 | K93: =J93*0.488 -> 529.48 | L93: =J93-K93 -> 555.52 | M93: =IF(J93=0,0,L93/J93) -> 0.512 | N93: 4
A94: 93 | B94: مايو | C94: الإثنين | D94: ليلي | E94: فرع الزمالك | F94: وجبات رئيسية | G94: فراخ محشية | H94: 65 | I94: 130 | J94: =H94*I94 -> 8450 | K94: =J94*0.416 -> 3515.2 | L94: =J94-K94 -> 4934.8 | M94: =IF(J94=0,0,L94/J94) -> 0.584 | N94: 2.9
A95: 94 | B95: مايو | C95: الثلاثاء | D95: ليلي | E95: فرع الزمالك | F95: وجبات سريعة | G95: بيتزا صغيرة | H95: 59 | I95: 70 | J95: =H95*I95 -> 4130 | K95: =J95*0.36 -> 1486.8 | L95: =J95-K95 -> 2643.2 | M95: =IF(J95=0,0,L95/J95) -> 0.64 | N95: 4.9
A96: 95 | B96: مايو | C96: الثلاثاء | D96: مسائي | E96: فرع مدينة نصر | F96: مشروبات | G96: عصير مانجو | H96: 54 | I96: 30 | J96: =H96*I96 -> 1620 | K96: =J96*0.453 -> 733.86 | L96: =J96-K96 -> 886.14 | M96: =IF(J96=0,0,L96/J96) -> 0.547 | N96: 4.7
A97: 96 | B97: مايو | C97: الثلاثاء | D97: صباحي | E97: فرع مدينة نصر | F97: وجبات رئيسية | G97: شيش طاووق | H97: 45 | I97: 85 | J97: =H97*I97 -> 3825 | K97: =J97*0.406 -> 1552.95 | L97: =J97-K97 -> 2272.05 | M97: =IF(J97=0,0,L97/J97) -> 0.594 | N97: 3.1
A98: 97 | B98: مايو | C98: الإثنين | D98: ليلي | E98: فرع الهرم | F98: وجبات سريعة | G98: هوت دوج | H98: 6 | I98: 35 | J98: =H98*I98 -> 210 | K98: =J98*0.501 -> 105.21 | L98: =J98-K98 -> 104.79 | M98: =IF(J98=0,0,L98/J98) -> 0.499 | N98: 4.8
A99: 98 | B99: مايو | C99: الإثنين | D99: مسائي | E99: فرع الزمالك | F99: وجبات رئيسية | G99: كباب مشوي | H99: 22 | I99: 110 | J99: =H99*I99 -> 2420 | K99: =J99*0.438 -> 1059.96 | L99: =J99-K99 -> 1360.04 | M99: =IF(J99=0,0,L99/J99) -> 0.562 | N99: 4.7
A100: 99 | B100: مايو | C100: السبت | D100: مسائي | E100: فرع الزمالك | F100: حلويات | G100: كنافة | H100: 13 | I100: 45 | J100: =H100*I100 -> 585 | K100: =J100*0.395 -> 231.075 | L100: =J100-K100 -> 353.925 | M100: =IF(J100=0,0,L100/J100) -> 0.605 | N100: 3.2
...

Sheet 📊 Dashboard
A1: 🍽️ لوحة تحليل أداء المطاعم — 2025
A3: تحليل شامل لـ 5 فروع | 240 معاملة | المبيعات — الأرباح — التصنيفات — الخدمة
A5: 🍽️ إجمالي المبيعات | D5: 💰 إجمالي الأرباح | G5: ⭐ متوسط تقييم الخدمة | J5: 📊 متوسط هامش الربح
A6: =SUM('📋 Raw Data'!J2:J241) -> 519220 | D6: =SUM('📋 Raw Data'!L2:L241) -> 287954.27 | G6: =AVERAGE('📋 Raw Data'!N2:N241) -> 3.7470833 | J6: =AVERAGE('📋 Raw Data'!M2:M241) -> 0.55406667
A9: 🏪 أداء الفروع | F9: 🍕 أداء التصنيفات
A10: الفرع | B10: المبيعات (ج.م) | C10: الأرباح (ج.م) | D10: متوسط التقييم | F10: التصنيف | G10: المبيعات (ج.م) | H10: الأرباح (ج.م) | I10: هامش الربح %
A11: فرع المعادي | B11: =SUMIF('📋 Raw Data'!E$2:E$241,A11,'📋 Raw Data'!J$2:J$241) -> 89960 | C11: =SUMIF('📋 Raw Data'!E$2:E$241,A11,'📋 Raw Data'!L$2:L$241) -> 50021.69 | D11: =AVERAGEIF('📋 Raw Data'!E$2:E$241,A11,'📋 Raw Data'!N$2:N$241) -> 3.6877551 | F11: وجبات رئيسية | G11: =SUMIF('📋 Raw Data'!F$2:F$241,F11,'📋 Raw Data'!J$2:J$241) -> 193110 | H11: =SUMIF('📋 Raw Data'!F$2:F$241,F11,'📋 Raw Data'!L$2:L$241) -> 105735.09 | I11: =IF(G11=0,0,H11/G11) -> 0.54753811
A12: فرع مدينة نصر | B12: =SUMIF('📋 Raw Data'!E$2:E$241,A12,'📋 Raw Data'!J$2:J$241) -> 114485 | C12: =SUMIF('📋 Raw Data'!E$2:E$241,A12,'📋 Raw Data'!L$2:L$241) -> 63410.16 | D12: =AVERAGEIF('📋 Raw Data'!E$2:E$241,A12,'📋 Raw Data'!N$2:N$241) -> 3.9384615 | F12: مشروبات | G12: =SUMIF('📋 Raw Data'!F$2:F$241,F12,'📋 Raw Data'!J$2:J$241) -> 59520 | H12: =SUMIF('📋 Raw Data'!F$2:F$241,F12,'📋 Raw Data'!L$2:L$241) -> 31652.025 | I12: =IF(G12=0,0,H12/G12) -> 0.53178805
A13: فرع الزمالك | B13: =SUMIF('📋 Raw Data'!E$2:E$241,A13,'📋 Raw Data'!J$2:J$241) -> 124680 | C13: =SUMIF('📋 Raw Data'!E$2:E$241,A13,'📋 Raw Data'!L$2:L$241) -> 68677.635 | D13: =AVERAGEIF('📋 Raw Data'!E$2:E$241,A13,'📋 Raw Data'!N$2:N$241) -> 3.5644444 | F13: حلويات | G13: =SUMIF('📋 Raw Data'!F$2:F$241,F13,'📋 Raw Data'!J$2:J$241) -> 85035 | H13: =SUMIF('📋 Raw Data'!F$2:F$241,F13,'📋 Raw Data'!L$2:L$241) -> 47329.905 | I13: =IF(G13=0,0,H13/G13) -> 0.55659323
A14: فرع التجمع | B14: =SUMIF('📋 Raw Data'!E$2:E$241,A14,'📋 Raw Data'!J$2:J$241) -> 84570 | C14: =SUMIF('📋 Raw Data'!E$2:E$241,A14,'📋 Raw Data'!L$2:L$241) -> 47666.67 | D14: =AVERAGEIF('📋 Raw Data'!E$2:E$241,A14,'📋 Raw Data'!N$2:N$241) -> 3.8090909 | F14: وجبات سريعة | G14: =SUMIF('📋 Raw Data'!F$2:F$241,F14,'📋 Raw Data'!J$2:J$241) -> 122220 | H14: =SUMIF('📋 Raw Data'!F$2:F$241,F14,'📋 Raw Data'!L$2:L$241) -> 69142.075 | I14: =IF(G14=0,0,H14/G14) -> 0.56571817
A15: فرع الهرم | B15: =SUMIF('📋 Raw Data'!E$2:E$241,A15,'📋 Raw Data'!J$2:J$241) -> 105525 | C15: =SUMIF('📋 Raw Data'!E$2:E$241,A15,'📋 Raw Data'!L$2:L$241) -> 58178.115 | D15: =AVERAGEIF('📋 Raw Data'!E$2:E$241,A15,'📋 Raw Data'!N$2:N$241) -> 3.716 | F15: مقبلات | G15: =SUMIF('📋 Raw Data'!F$2:F$241,F15,'📋 Raw Data'!J$2:J$241) -> 59335 | H15: =SUMIF('📋 Raw Data'!F$2:F$241,F15,'📋 Raw Data'!L$2:L$241) -> 34095.18 | I15: =IF(G15=0,0,H15/G15) -> 0.57462172
A19: 📅 الأداء الشهري | F19: ⏰ أداء الورديات
A20: الشهر | B20: المبيعات (ج.م) | C20: الأرباح (ج.م) | D20: هامش الربح % | F20: الوردية | G20: المبيعات (ج.م) | H20: الأرباح (ج.م) | I20: متوسط التقييم
A21: يناير | B21: =SUMPRODUCT(('📋 Raw Data'!B$2:B$241=A21)*'📋 Raw Data'!J$2:J$241) -> 33225 | C21: =SUMPRODUCT(('📋 Raw Data'!B$2:B$241=A21)*'📋 Raw Data'!L$2:L$241) -> 19523.54 | D21: =IF(B21=0,0,C21/B21) -> 0.58761595 | F21: صباحي | G21: =SUMIF('📋 Raw Data'!D$2:D$241,F21,'📋 Raw Data'!J$2:J$241) -> 177320 | H21: =SUMIF('📋 Raw Data'!D$2:D$241,F21,'📋 Raw Data'!L$2:L$241) -> 99693.07 | I21: =AVERAGEIF('📋 Raw Data'!D$2:D$241,F21,'📋 Raw Data'!N$2:N$241) -> 3.7141176
A22: فبراير | B22: =SUMPRODUCT(('📋 Raw Data'!B$2:B$241=A22)*'📋 Raw Data'!J$2:J$241) -> 38525 | C22: =SUMPRODUCT(('📋 Raw Data'!B$2:B$241=A22)*'📋 Raw Data'!L$2:L$241) -> 21504.28 | D22: =IF(B22=0,0,C22/B22) -> 0.55819027 | F22: مسائي | G22: =SUMIF('📋 Raw Data'!D$2:D$241,F22,'📋 Raw Data'!J$2:J$241) -> 153260 | H22: =SUMIF('📋 Raw Data'!D$2:D$241,F22,'📋 Raw Data'!L$2:L$241) -> 83640.925 | I22: =AVERAGEIF('📋 Raw Data'!D$2:D$241,F22,'📋 Raw Data'!N$2:N$241) -> 3.7582278
A23: مارس | B23: =SUMPRODUCT(('📋 Raw Data'!B$2:B$241=A23)*'📋 Raw Data'!J$2:J$241) -> 46790 | C23: =SUMPRODUCT(('📋 Raw Data'!B$2:B$241=A23)*'📋 Raw Data'!L$2:L$241) -> 24871.435 | D23: =IF(B23=0,0,C23/B23) -> 0.5315545 | F23: ليلي | G23: =SUMIF('📋 Raw Data'!D$2:D$241,F23,'📋 Raw Data'!J$2:J$241) -> 188640 | H23: =SUMIF('📋 Raw Data'!D$2:D$241,F23,'📋 Raw Data'!L$2:L$241) -> 104620.27 | I23: =AVERAGEIF('📋 Raw Data'!D$2:D$241,F23,'📋 Raw Data'!N$2:N$241) -> 3.7723684
A24: أبريل | B24: =SUMPRODUCT(('📋 Raw Data'!B$2:B$241=A24)*'📋 Raw Data'!J$2:J$241) -> 42895 | C24: =SUMPRODUCT(('📋 Raw Data'!B$2:B$241=A24)*'📋 Raw Data'!L$2:L$241) -> 24632.595 | D24: =IF(B24=0,0,C24/B24) -> 0.57425329
A25: مايو | B25: =SUMPRODUCT(('📋 Raw Data'!B$2:B$241=A25)*'📋 Raw Data'!J$2:J$241) -> 53525 | C25: =SUMPRODUCT(('📋 Raw Data'!B$2:B$241=A25)*'📋 Raw Data'!L$2:L$241) -> 30717.155 | D25: =IF(B25=0,0,C25/B25) -> 0.57388426
A26: يونيو | B26: =SUMPRODUCT(('📋 Raw Data'!B$2:B$241=A26)*'📋 Raw Data'!J$2:J$241) -> 48295 | C26: =SUMPRODUCT(('📋 Raw Data'!B$2:B$241=A26)*'📋 Raw Data'!L$2:L$241) -> 27825.95 | D26: =IF(B26=0,0,C26/B26) -> 0.57616627
A27: يوليو | B27: =SUMPRODUCT(('📋 Raw Data'!B$2:B$241=A27)*'📋 Raw Data'!J$2:J$241) -> 28855 | C27: =SUMPRODUCT(('📋 Raw Data'!B$2:B$241=A27)*'📋 Raw Data'!L$2:L$241) -> 16303.04 | D27: =IF(B27=0,0,C27/B27) -> 0.56499879
A28: أغسطس | B28: =SUMPRODUCT(('📋 Raw Data'!B$2:B$241=A28)*'📋 Raw Data'!J$2:J$241) -> 47605 | C28: =SUMPRODUCT(('📋 Raw Data'!B$2:B$241=A28)*'📋 Raw Data'!L$2:L$241) -> 26147.47 | D28: =IF(B28=0,0,C28/B28) -> 0.5492589
A29: سبتمبر | B29: =SUMPRODUCT(('📋 Raw Data'!B$2:B$241=A29)*'📋 Raw Data'!J$2:J$241) -> 28860 | C29: =SUMPRODUCT(('📋 Raw Data'!B$2:B$241=A29)*'📋 Raw Data'!L$2:L$241) -> 15940.48 | D29: =IF(B29=0,0,C29/B29) -> 0.55233818
A30: أكتوبر | B30: =SUMPRODUCT(('📋 Raw Data'!B$2:B$241=A30)*'📋 Raw Data'!J$2:J$241) -> 59005 | C30: =SUMPRODUCT(('📋 Raw Data'!B$2:B$241=A30)*'📋 Raw Data'!L$2:L$241) -> 31575.075 | D30: =IF(B30=0,0,C30/B30) -> 0.53512541
A31: نوفمبر | B31: =SUMPRODUCT(('📋 Raw Data'!B$2:B$241=A31)*'📋 Raw Data'!J$2:J$241) -> 49030 | C31: =SUMPRODUCT(('📋 Raw Data'!B$2:B$241=A31)*'📋 Raw Data'!L$2:L$241) -> 26289 | D31: =IF(B31=0,0,C31/B31) -> 0.53618193
A32: ديسمبر | B32: =SUMPRODUCT(('📋 Raw Data'!B$2:B$241=A32)*'📋 Raw Data'!J$2:J$241) -> 42610 | C32: =SUMPRODUCT(('📋 Raw Data'!B$2:B$241=A32)*'📋 Raw Data'!L$2:L$241) -> 22624.25 | D32: =IF(B32=0,0,C32/B32) -> 0.53096104
